{
  "hash": "398acdbb",
  "configHash": "b626b742",
  "lockfileHash": "f9da9bcc",
  "browserHash": "a419175f",
  "optimized": {
    "@angular/core": {
      "src": "../../../../../../node_modules/@angular/core/fesm2022/core.mjs",
      "file": "@angular_core.js",
      "fileHash": "07824eb3",
      "needsInterop": false
    },
    "@angular/platform-browser": {
      "src": "../../../../../../node_modules/@angular/platform-browser/fesm2022/platform-browser.mjs",
      "file": "@angular_platform-browser.js",
      "fileHash": "3e6b1679",
      "needsInterop": false
    },
    "@angular/router": {
      "src": "../../../../../../node_modules/@angular/router/fesm2022/router.mjs",
      "file": "@angular_router.js",
      "fileHash": "4f5d654c",
      "needsInterop": false
    },
    "@angular/forms": {
      "src": "../../../../../../node_modules/@angular/forms/fesm2022/forms.mjs",
      "file": "@angular_forms.js",
      "fileHash": "772ae9df",
      "needsInterop": false
    }
  },
  "chunks": {
    "chunk-D7YLUVFH": {
      "file": "chunk-D7YLUVFH.js"
    },
    "chunk-OO6BS24S": {
      "file": "chunk-OO6BS24S.js"
    },
    "chunk-TXZMGFPN": {
      "file": "chunk-TXZMGFPN.js"
    }
  }
}